{"_runtime":239,"val_acc":0.4252,"_timestamp":1.760607308033275e+09,"_step":0,"epoch":1,"lr":0.05028409090909091,"train_loss":1.754341056866116,"val_loss":1.6085174089431762,"train_acc":0.34915555555555555,"_wandb":{"runtime":239}}