{"train_loss":0.2753310844527351,"val_loss":0.5808375325202942,"_runtime":2843,"lr":0.1,"_timestamp":1.761031180034029e+09,"_step":7,"val_acc":0.8158,"epoch":40,"best_val_acc":0.8374,"_wandb":{"runtime":2843},"final_test_top1_acc":0.8548,"train_acc":0.9069333333333334}