epoch,lr,train_loss,train_acc,val_loss,val_acc
5,0.1,0.9614165379524231,0.6635777777777778,0.9077924711227418,0.6868
10,0.1,0.6220415310329861,0.7917111111111111,0.6581058799743652,0.77
15,0.1,0.47521349205440944,0.8424444444444444,0.5437900466918946,0.8196
20,0.1,0.39327792920006643,0.8682888888888889,0.5267844359397889,0.821
25,0.1,0.34807923487027487,0.8844222222222222,0.5750596686363221,0.817
30,0.1,0.31580113932821485,0.8937555555555555,0.614738240814209,0.8066
35,0.1,0.28664814834064906,0.9032666666666667,0.48652629714012147,0.8374
40,0.1,0.2753310844527351,0.9069333333333334,0.5808375325202942,0.8158
