epoch,lr,train_loss,train_acc,val_loss,val_acc
5,0.0125,1.368806122080485,0.49948888888888887,1.2867247512817384,0.5416
10,0.0125,0.9679197428173489,0.6576,0.9204364519119262,0.6712
15,0.0125,0.7320920235845778,0.7487555555555555,0.8048756960868836,0.7106
20,0.0125,0.5963682616127862,0.7983777777777777,0.6803081155776978,0.7702
25,0.0125,0.4996979362593757,0.8334666666666667,0.5112156938552856,0.8264
30,0.0125,0.4314400348716312,0.8545111111111111,0.5087857398986816,0.827
35,0.0125,0.38847913372251724,0.8715111111111111,0.49699251713752746,0.8334
40,0.0125,0.3460036498758528,0.8854888888888889,0.5505270549774169,0.8108
