epoch,lr,train_loss,train_acc,val_loss,val_acc
5,0.00025,0.8864255240546333,0.6868,0.8550873556137085,0.6906
10,0.00025,0.660143650510576,0.7681111111111111,0.7244779731750488,0.751
15,0.00025,0.5390780901590984,0.8127111111111112,0.7629463111877441,0.7388
20,0.00025,0.4661528347121345,0.8395111111111111,0.5680329262733459,0.7958
25,0.00025,0.40695276402367486,0.8583111111111111,0.4726975012779236,0.834
30,0.00025,0.35754109927283395,0.8737777777777778,0.478008162689209,0.8412
35,0.00025,0.3230970761458079,0.8864666666666666,0.507846188211441,0.8208
40,0.00025,0.287609684170617,0.9008,0.5198658722877503,0.8228
