epoch,lr,train_loss,train_acc,val_loss,val_acc
1,0.02507102272727273,1.577077990659078,0.4186666666666667,1.3307199602127076,0.529
