epoch,lr,train_loss,train_acc,val_loss,val_acc
5,0.1,0.9033492175632053,0.6838222222222222,1.0545982568740844,0.6358
10,0.1,0.5849358069207933,0.8019777777777778,0.7812497985839844,0.734
15,0.1,0.44141770345369974,0.8535111111111111,0.593051450920105,0.805
20,0.1,0.3717052106274499,0.8762,0.49892734565734864,0.8334
25,0.1,0.3211875407748752,0.8916222222222222,0.5639753296852111,0.8116
30,0.1,0.29426800117492674,0.9011111111111111,0.661789446926117,0.7938
35,0.1,0.2732860863102807,0.9074222222222222,0.4362455940246582,0.8564
40,0.1,0.2527795910782284,0.9159555555555555,0.45047278141975405,0.8486
