epoch,lr,train_loss,train_acc,val_loss,val_acc
5,0.1,1.1202861679289076,0.6037333333333333,1.1471653400421142,0.606
10,0.1,0.8776263012250265,0.6905333333333333,1.026105358505249,0.6412
15,0.1,0.7786114622328016,0.7273333333333334,0.7583024604797364,0.7298
20,0.1,0.7128207912339104,0.7528222222222222,0.7620852166175842,0.737
25,0.1,0.6823140238232083,0.7635777777777778,0.687845042514801,0.763
30,0.1,0.6479369295861986,0.7758888888888889,0.6747170478820801,0.7616
35,0.1,0.615623755507999,0.7858,0.6619144194602966,0.7748
40,0.1,0.591900662083096,0.7969777777777778,0.6786034923553467,0.7656
