epoch,lr,train_loss,train_acc,val_loss,val_acc
5,0.1,0.8225202689594693,0.7184666666666667,0.7900520570755005,0.7212
10,0.1,0.5484695423762004,0.8142666666666667,0.5515689717292785,0.8038
15,0.1,0.433769494872623,0.8525333333333334,0.5334302784919739,0.8172
20,0.1,0.35876052829424543,0.8786666666666667,0.5493080500602722,0.8156
25,0.1,0.3145436598777771,0.8924666666666666,0.41782401313781736,0.8586
30,0.1,0.27578153424263,0.9043333333333333,0.42663246188163756,0.8564
35,0.1,0.2548391614596049,0.9112888888888889,0.42534181709289554,0.8542
40,0.1,0.2380792486137814,0.9180888888888888,0.4218104617118835,0.861
