epoch,lr,train_loss,train_acc,val_loss,val_acc
5,0.0025,1.9377786481221517,0.26284444444444444,1.937703797531128,0.251
10,0.0025,1.2970306486765544,0.5357111111111111,1.6381016876220702,0.4478
15,0.0025,1.1357172862582736,0.6004444444444444,1.187371912956238,0.578
20,0.0025,1.0706875643412272,0.6284666666666666,1.3934305707931518,0.535
25,0.0025,1.0371895082473754,0.6412444444444444,1.2781896732330322,0.5678
30,0.0025,1.0165698172887165,0.6494888888888889,2.385927486038208,0.3402
35,0.0025,1.0163332226859199,0.6513111111111111,1.9300678871154786,0.4308
40,0.0025,0.9967973570717705,0.6580666666666667,1.4756046653747559,0.4656
