epoch,lr,train_loss,train_acc,val_loss,val_acc
5,0.1,1.4372018305036758,0.46684444444444445,3.4245749355316164,0.1542
10,0.1,1.1442783953984579,0.5867777777777777,1.7373130823135376,0.3864
15,0.1,1.0261335231357152,0.6333111111111112,2.250522420120239,0.3322
20,0.1,0.9409264263047112,0.6633111111111111,1.5562077909469605,0.4844
25,0.1,0.9187839428265889,0.6741333333333334,6.383563687133789,0.115
30,0.1,0.8770145291964213,0.6912888888888888,2.7646986499786377,0.3318
35,0.1,0.8586654163466559,0.6975333333333333,3.639140786743164,0.2364
40,0.1,0.8098970116933187,0.7141333333333333,5.819473490142823,0.1122
