epoch,lr,train_loss,train_acc,val_loss,val_acc
5,0.00025,0.8868751384417216,0.6867333333333333,0.8698427368164062,0.6864
10,0.00025,0.6752482448683844,0.7621555555555556,0.708620837020874,0.7492
15,0.00025,0.5667202891243829,0.8028444444444445,0.6800379262924194,0.7624
20,0.00025,0.4946328581757016,0.8265555555555556,0.5236268682479859,0.8122
25,0.00025,0.43988999789555866,0.8466222222222223,0.594531086063385,0.7956
30,0.00025,0.3955469798723857,0.8622222222222222,0.5458384749412537,0.8104
35,0.00025,0.3527280321862962,0.8762666666666666,0.4569523124694824,0.8458
40,0.00025,0.3243562744617462,0.8866222222222222,0.49368496885299684,0.8314
