epoch,lr,train_loss,train_acc,val_loss,val_acc
5,0.00025,0.8792968715561761,0.6902444444444444,0.8666187616348267,0.6908
10,0.00025,0.6635537432246738,0.7668,0.7155056200027465,0.7506
15,0.00025,0.5527264072736104,0.8090222222222222,0.6771287635803223,0.769
20,0.00025,0.4781085649967194,0.8332444444444445,0.5243516916275024,0.817
25,0.00025,0.422705479839113,0.8531111111111112,0.5716718221664429,0.8008
30,0.00025,0.3807018855995602,0.8684444444444445,0.5752408692359924,0.8098
35,0.00025,0.3353583087126414,0.8827555555555555,0.48280874738693236,0.8332
40,0.00025,0.3054138884226481,0.8937555555555555,0.5113224605560303,0.8284
