{"_runtime":2834,"lr":0.1,"train_acc":0.9069333333333334,"final_test_top1_acc":0.8548,"best_val_acc":0.8374,"val_loss":0.5808375325202942,"val_acc":0.8158,"_wandb":{"runtime":2834},"_timestamp":1.760982805241188e+09,"train_loss":0.2753310844527351,"_step":7,"epoch":40}